{
  "best_params": {
    "n_estimators": 414,
    "max_depth": 7,
    "learning_rate": 0.1070881892709943,
    "subsample": 0.9257586930950283,
    "colsample_bytree": 0.8499283640920479,
    "min_child_weight": 9,
    "gamma": 0.8139937055778315,
    "reg_alpha": 0.00038861158206804933,
    "reg_lambda": 3.4169638800010096e-08
  },
  "n_trials": 0,
  "best_value": 0.5537,
  "improvement": 0.0,
  "target_column": "direction_4b"
}